{
  "version": 1,
  "author": "Rafael Cabral",
  "editor": "wokwi",
  "parts": [
    { "type": "wokwi-esp32-devkit-v1", "id": "esp", "top": 0, "left": 0, "attrs": {} },
    {
      "type": "wokwi-led",
      "id": "led1",
      "top": -19.08,
      "left": 326.69,
      "attrs": { "color": "red" }
    },
    {
      "type": "wokwi-led",
      "id": "led2",
      "top": -19.6,
      "left": 284.36,
      "attrs": { "color": "blue" }
    },
    {
      "type": "wokwi-led",
      "id": "led3",
      "top": -21.02,
      "left": 241.43,
      "attrs": { "color": "green" }
    },
    {
      "type": "wokwi-led",
      "id": "led4",
      "top": -21.84,
      "left": 201.3,
      "attrs": { "color": "white" }
    },
    {
      "type": "wokwi-buzzer",
      "id": "bz1",
      "top": -26.33,
      "left": -339.47,
      "attrs": { "volume": "0.1" }
    },
    {
      "type": "wokwi-photoresistor-sensor",
      "id": "ldr1",
      "top": 94.93,
      "left": -273.44,
      "attrs": {}
    },
    {
      "type": "wokwi-resistor",
      "id": "r1",
      "top": 100.03,
      "left": -83.09,
      "attrs": { "value": "1000" }
    },
    {
      "type": "wokwi-resistor",
      "id": "r2",
      "top": 75.84,
      "left": -223.51,
      "attrs": { "value": "1000" }
    },
    {
      "type": "wokwi-resistor",
      "id": "r3",
      "top": 54.66,
      "left": 125.09,
      "attrs": { "value": "1000" }
    },
    {
      "type": "wokwi-resistor",
      "id": "r4",
      "top": 40.87,
      "left": 124.68,
      "attrs": { "value": "1000" }
    },
    {
      "type": "wokwi-resistor",
      "id": "r5",
      "top": 27.09,
      "left": 123.87,
      "attrs": { "value": "1000" }
    },
    {
      "type": "wokwi-resistor",
      "id": "r6",
      "top": 14.11,
      "left": 124.28,
      "attrs": { "value": "1000" }
    },
    {
      "type": "wokwi-pushbutton",
      "id": "btn1",
      "top": 23.74,
      "left": -115.41,
      "attrs": { "color": "black" }
    },
    {
      "type": "wokwi-pushbutton",
      "id": "btn2",
      "top": -27.18,
      "left": -115.99,
      "attrs": { "color": "green" }
    },
    {
      "type": "wokwi-lcd1602",
      "id": "lcd1",
      "top": -281.78,
      "left": -89.51,
      "attrs": { "pins": "i2c" }
    }
  ],
  "connections": [
    [ "esp:TX0", "$serialMonitor:RX", "", [] ],
    [ "esp:RX0", "$serialMonitor:TX", "", [] ],
    [ "esp:GND.1", "led4:C", "black", [ "h0" ] ],
    [ "esp:GND.1", "led3:C", "black", [ "h0" ] ],
    [ "esp:GND.1", "led2:C", "black", [ "h0" ] ],
    [ "esp:GND.1", "led1:C", "black", [ "h0" ] ],
    [ "bz1:1", "esp:GND.2", "black", [ "v37.93", "h-0.3", "v69.95", "h314.77" ] ],
    [ "esp:D13", "ldr1:AO", "green", [ "h0" ] ],
    [ "ldr1:GND", "esp:GND.2", "black", [ "h20.6", "v-3.03" ] ],
    [ "r1:1", "ldr1:VCC", "green", [ "v0" ] ],
    [ "esp:3V3", "r1:2", "green", [ "v-0.21", "h41.84", "v76.36", "h-166.89" ] ],
    [ "r2:1", "bz1:2", "green", [ "v-2.06", "h-41.43", "v-0.31" ] ],
    [ "esp:D23", "r6:1", "white", [ "h0" ] ],
    [ "esp:D22", "r5:1", "green", [ "h0" ] ],
    [ "r6:2", "led4:A", "white", [ "v0.71", "h43.22" ] ],
    [ "r5:2", "led3:A", "green", [ "v0.71", "h83.76" ] ],
    [ "r4:2", "led2:A", "blue", [ "v1.12", "h125.88" ] ],
    [ "r3:2", "led1:A", "red", [ "v0.71", "h167.8" ] ],
    [ "esp:D12", "r2:2", "green", [ "h-16.69", "v-44.36", "h-8.69" ] ],
    [
      "esp:GND.2",
      "btn2:1.l",
      "black",
      [ "h-84.78", "v55.32", "h-345.22", "v-265.68", "h302.01" ]
    ],
    [
      "esp:GND.2",
      "btn1:1.l",
      "black",
      [ "h-87.11", "v55.32", "h-297.47", "v-241.84", "h230.48", "v72.66" ]
    ],
    [ "esp:D33", "btn1:2.r", "cyan", [ "h0" ] ],
    [ "esp:D32", "btn2:2.r", "yellow", [ "h-35.31", "v-67.6", "h-18.68" ] ],
    [ "esp:D21", "r4:1", "green", [ "h0" ] ],
    [ "esp:D19", "r3:1", "green", [ "h0" ] ],
    [ "esp:GND.2", "lcd1:GND", "black", [ "h-83.26", "v118.07", "h-384.41", "v-491.62" ] ],
    [ "esp:3V3", "lcd1:VCC", "green", [ "v2.33", "h126.62", "v145.84", "h-677.06", "v-533.15" ] ],
    [
      "esp:D18",
      "lcd1:SDA",
      "green",
      [ "h-96.57", "v-181.09", "h-154.28", "v-133.08", "h-2.19" ]
    ],
    [ "esp:D5", "lcd1:SCL", "green", [ "h-90.73", "v-217.01", "h-144.78", "v-96.52" ] ]
  ]
}